,TỔNG QUAN THỊ TRƯỜNG ÂM NHẠC TẠI MỸ,,,,,
,Nội dung,,,Ảnh/Biểu đồ,,Nguồn tài liệu
,Top các dòng nhạc phổ biến,"R&B/Hip-Hop
Rock
Pop
Country
Latin
Dance/Electronic
World Music
Christian/Gospel
Children’s
Holiday/Seasonal",,,,Luminate
,, Afrobeats,,,,https://newsroom.spotify.com/2025-12-03/wrapped-music-trends/
,,Country rock,,,,
,,"Hip-Hop / Rap
Dance
Pop
Alternative
Classical
Electronic
Rock
Jazz
Latin
Christian",,,,https://reports.chartmetric.com/2024/chartmetric-year-in-music-2024?ref=hmc.chartmetric.com
,Các dòng nhạc được nghe nhiều trên từng nền tảng nghe nhạc,"Người nghe từng genre thường tập trung trên những nền tảng cụ thể.
1️⃣ Spotify thống trị Pop và EDM
2️⃣ Apple Music mạnh ở Rock và Hip-hop
3️⃣ Amazon Music mạnh ở Country
4️⃣ YouTube là nền tảng chính cho Jazz và Classical
=> Điểm chung của các genre này:
+ Không hoàn toàn mainstream
+ Có lượng fan trung thành
+ Thường nghe lâu.
=> 41% người nghe Jazz cho rằng “chất lượng âm thanh cao” là yếu tố rất quan trọng khi chọn dịch vụ streaming.",,,,Luminate
,Quốc gia xuất khẩu âm nhạc sang Mỹ,"Mặc dù Hoa Kỳ là quốc gia xuất khẩu âm nhạc lớn nhất thế giới, thị trường Mỹ vẫn nhập khẩu lượng lớn nội dung âm nhạc từ các quốc gia khác.
-  Vương quốc Anh là một trong những nguồn xuất khẩu âm nhạc lớn vào thị trường Mỹ, chủ yếu với các dòng pop và rock, nhờ lợi thế ngôn ngữ và sự phổ biến toàn cầu của các nghệ sĩ Anh.
- Canada: Canada xuất khẩu nhiều nghệ sĩ hip-hop và R&B sang Mỹ, với các tên tuổi lớn như Drake hay The Weeknd có sức ảnh hưởng mạnh trên các nền tảng streaming.
- Hàn Quốc đưa K-Pop vào thị trường Mỹ thông qua các fandom quốc tế và chiến lược quảng bá toàn cầu, giúp nhiều nhóm nhạc đạt lượng streaming lớn tại Mỹ.
- Puerto Rico / Latin: Puerto Rico và khu vực Latin đóng góp mạnh vào thị trường Mỹ với các dòng Latin pop, reggaeton và Latin trap, phản ánh sự tăng trưởng nhanh của âm nhạc Latin tại Mỹ.
- Thụy Điển và các nước châu Âu: Thụy Điển và nhiều quốc gia châu Âu xuất khẩu EDM và nhạc điện tử vào thị trường Mỹ, với các nghệ sĩ nổi tiếng giúp dòng nhạc này duy trì sức hút toàn cầu.",,,,Luminate
,Quốc gia có gu nghe nhạc giống Mỹ nhất,"- Các quốc gia trong cùng một khu vực thường có xu hướng nghe những thể loại hoặc bài hát tương tự nhau.
+ Các quốc gia nói tiếng Anh như Canada, Australia, New Zealand, UK và Ireland có thị hiếu âm nhạc rất giống Mỹ.
=> Nếu một sản phẩm âm nhạc thành công ở Mỹ, khả năng cao cũng sẽ được người nghe ở Canada, Australia, New Zealand, UK và Ireland đón nhận.",,,,https://yim2025.chartmetric.com/explore/#section-global
,Các dòng nhạc ngách trên thị trường,"10 thể loại và phân khúc âm nhạc hàng đầu thống trị năm 2025
• Pop: Electropop, Synthpop, Hyperpop, Dance-Pop
• Hip-Hop / Rap: Trap, Drill, Lo-Fi Rap, Emo Rap
• Electronic / EDM: Tech House, Future Rave, Dubstep, Short-form club microtrends
• Latin: Reggaeton, Latin Trap, Bachata Fusion, Latin Urban hybrids
• Afrobeats / Afro-influenced: Amapiano, Afro-Fusion, Highlife / Afro-Jazz influence, Alté
• R&B / Soul: Neo-Soul, Alt R&B, Quiet Storm
• Rock: Indie Rock, Post-Punk, Garage Rock / Raw rock revival
• Country: Country Pop, Outlaw Country / Grit-led revival, Acoustic-forward crossover country
• K-Pop & Korean crossover: K-Pop mainline production, K-R&B, K-Hip-Hop
• Experimental / Fusion: Alt Gospel, Synth Worship, Jazz-Rap / Jazz-Soul / Drill experiments, Genre Mashups.",,,,https://jackrighteous.com/blogs/mont-real/top-genres-sub-niches-2025#quick-prompt-strategy
,Sự giao thoa giữa các dòng nhạc,"Các sự kết hợp dòng nhạc đang thịnh hành trong AI Music
• Afrobeats + Pop
• Latin Pop + Reggaeton
• Alt R&B + Electronic
• Country + Pop
• Indie Rock + Synthpop
• Neo-Soul + Lo-Fi
• Trap + Melodic Pop
• Amapiano + R&B
• Synth Worship + Ambient Pop
• Funk + Pop
• K-Pop + Club Energy
• Jazz Soul + Hip-Hop Drums
• Trap Soul (Trap + R&B/Soul)

=> Kết luận: Xu hướng âm nhạc AI trong năm 2025 cho thấy việc kết hợp nhiều dòng nhạc khác nhau đang ngày càng phổ biến. Thay vì giữ một thể loại thuần túy, các nhà sáng tạo thường pha trộn hai hoặc nhiều phong cách âm nhạc để tạo ra âm thanh mới mẻ nhưng vẫn dễ tiếp cận. Điều này giúp tăng tính sáng tạo, đa dạng hóa phong cách và mở rộng phạm vi tiếp cận khán giả",,,,https://jackrighteous.com/blogs/mont-real/top-genres-sub-niches-2025#quick-prompt-strategy
,Sự chấp nhận nhạc AI của người Mỹ,"AI music đang tăng trưởng và chủ yếu được tiêu thụ qua các nền tảng streaming.
- Người nghe Mỹ chấp nhận AI nhiều nhất khi AI tạo nhạc không lời. Khoảng 31% cảm thấy thoải mái với AI tạo instrumental, trong khi 38% không thoải mái và 31% không quan tâm. 

- Khi AI tham gia sâu hơn như viết lời hoặc hát, mức chấp nhận giảm xuống 25–28%, còn tỷ lệ không thoải mái tăng lên 41–46%. 

- Ngoài ra, 44% người nghe cho biết họ sẽ ít nghe nhạc hơn nếu biết bài hát được tạo bằng AI.",,,,Luminate
,,"Người trẻ và Millennials cởi mở hơn với AI trong sáng tạo âm nhạc, trong khi các nhóm tuổi lớn hơn có xu hướng ít chấp nhận hơn.",,,,
,Sự chấp nhận nhạc AI của người nghe trên toàn cầu,"- Nhóm chấp nhận AI cao nhất:
Fan của các thể loại Latin (Salsa, Banda, Cumbia, Reggaeton) và Gospel là những nhóm cởi mở nhất với AI, do ít đặt nặng yếu tố “nghệ sĩ” và tập trung vào trải nghiệm âm nhạc.

- Ảnh hưởng của nhân khẩu học:
Các thể loại có tỷ lệ người nghe da trắng cao thường có xu hướng phản đối AI nhiều hơn, trong khi các thể loại phổ biến trong cộng đồng Black như R&B/Soul và Hip-hop có mức chấp nhận AI cao hơn.

- Trường hợp đặc biệt – Country:
Dù có nhiều người nghe da trắng, Country vẫn có thái độ tích cực với AI, cho thấy người nghe thể loại này có thể quan tâm nhiều hơn đến nội dung bài hát hơn là người tạo ra nó.

- Sự khác biệt giữa các thể loại tương tự:
Trap (fan đa dạng) có xu hướng chấp nhận AI, trong khi Dubstep (fan chủ yếu da trắng) lại không, cho thấy cộng đồng người nghe quan trọng hơn bản thân thể loại.

- Nhóm phản đối AI mạnh nhất:
Các thể loại như Folk, Indie (đề cao tính chân thực) và Soundtracks, Musicals (gắn với nội dung lớn) có mức phản đối cao nhất đối với AI.

(Báo cáo Wavelength được xây dựng dựa trên khảo sát hơn 14.000 người tiêu dùng đại diện toàn quốc (từ 13–64 tuổi), được cân bằng theo độ tuổi, giới tính, sắc tộc và thu nhập, với trọng tâm là sử dụng gu âm nhạc như một yếu tố dự đoán hành vi.)",,,,https://wavelength.max.live/reports/ai
,Theo mood nhạc,"Xu hướng cảm xúc nghệ sĩ thể hiện trong âm nhạc năm 2025

a, Nhóm cảm xúc tích cực và năng lượng cao: Energetic, Fun, Party, Empowering
b, Nhóm cảm xúc tích cực nhưng năng lượng thấp: Chill, Romantic
c, Nhóm cảm xúc tiêu cực và năng lượng thấp: Heartbroken, Sad
d, Nhóm cảm xúc tiêu cực nhưng năng lượng cao: Emotional, Aggressive

=> Từ biểu đồ cho thấy các nghệ sĩ trong năm 2025 chủ yếu sáng tác và thể hiện âm nhạc mang cảm xúc tích cực, nổi bật là nhạc chill và energetic, trong khi các cảm xúc tiêu cực ít phổ biến hơn.",,,,https://yim2025.chartmetric.com/explore/#section-genres
,,"Xu hướng cảm xúc của các bài hát (Tracks) trong âm nhạc năm 2025

a. Nhóm cảm xúc tích cực và năng lượng cao: Sexy
b. Nhóm cảm xúc tích cực nhưng năng lượng thấp: Romantic, Warm, Hypnotic, Relaxed
c. Nhóm cảm xúc tiêu cực và năng lượng thấp: Dark, Blue, Lonely
d. Nhóm cảm xúc tiêu cực nhưng năng lượng cao: Serious, Violent

=> Từ biểu đồ có thể thấy rằng các bài hát trong năm 2025 có sự phân bố cảm xúc khá đa dạng. Nổi bật nhất là Romantic (20%), tiếp theo là Dark (18%), Blue (17%), Sexy (16%) và Warm (15%). Điều này cho thấy các ca khúc không chỉ mang cảm xúc tích cực như lãng mạn và ấm áp mà còn thể hiện khá nhiều sắc thái trầm và sâu như dark hoặc blue.",,,,https://yim2025.chartmetric.com/explore/#section-genres
,Kết luận,"Tổng thể, thị trường âm nhạc tại Hoa Kỳ đang chứng kiến sự chuyển dịch từ mô hình tiêu thụ thuần theo thể loại (genre-based) sang các sản phẩm âm nhạc lai ghép đa thể loại (genre fusion). Thay vì tuân thủ các ranh giới thể loại truyền thống, các nhà sản xuất âm nhạc ngày càng có xu hướng kết hợp nhiều phong cách khác nhau để tạo ra những trải nghiệm âm thanh mới mẻ nhưng vẫn dễ tiếp nhận.

Sự chấp nhận AI cũng phụ thuộc lớn vào đặc điểm cộng đồng người nghe và yếu tố nhân khẩu học. Các nhóm khán giả trẻ, fan của Latin, Hip-hop, R&B hay Gospel có xu hướng cởi mở hơn, trong khi các thể loại đề cao tính “chân thực” như Indie, Folk hay Soundtrack lại phản đối mạnh. Điều này cho thấy AI phù hợp nhất với các dòng nhạc mang tính trải nghiệm, giải trí hoặc sử dụng nền và kém phù hợp với các sản phẩm âm nhạc đòi hỏi bản sắc nghệ sĩ và giá trị cảm xúc sâu sắc.",,,,