video_id,handle,title,view_count,outlier_ratio,duration_band,age_days,vpd,published_at
AxQ78lNPGZA,goldensoulworship,God’s Blessings Through Worship | 100 Minutes of Powerful Gospel Praise and Soul Healing,8461,0.17701762644489774,1-3h,77,109.88311688311688,2026-05-27 23:01:06+00:00
EdWPiHhClj4,goldensoulworship,My Savior Is Jesus Christ | 30 Minutes of Black Gospel Worship for Prayer & Peace,2354,0.04924943773209896,30-60m,83,28.36144578313253,2026-05-21 22:01:06+00:00
DWsThkmTaKM,goldensoulworship,Black Gospel Worship Music for Prayer & Peace | 30 Minutes of Soulful Gospel,9486,0.19846226267064176,30-60m,84,112.92857142857143,2026-05-20 23:00:06+00:00
0OokRWzt7EU,goldensoulworship,"Be Still, My Soul | 100 Minutes of Soulful Black Gospel Worship for Prayer & Peace",3427,0.07169831058109734,1-3h,85,40.31764705882353,2026-05-19 23:01:06+00:00
cKNb5Ei8QZM,bluesguy-h,Blues that prays #3 #bluesgospel #music #gospelblues #shortsvideo #thesoundguy,569,0.1796936680877941,Shorts,78,7.294871794871795,2026-05-26 13:00:29+00:00
ydSBmHsGooY,bluesguy-h,Blues That Prays | Crying Out To God Through Music     #3,519,0.16390336333491237,1-3h,133,3.9022556390977443,2026-04-01 16:33:27+00:00
mIVKdjtXIzQ,bluesguy-h,Blues Under the Streetlight — Downtown Chicago,540,0.1705352913311227,30-60m,151,3.576158940397351,2026-03-14 17:30:00+00:00
rPcsI9NS-S4,bluesguy-h,Deep Blues that Prays ,584,0.18443075951365862,6-30m,159,3.6729559748427674,2026-03-06 19:00:00+00:00
m3UIJIkVxD0,bluesguy-h,Uplifting Soul And Blues Music Therapy Playlist 2026,548,0.17306174009158376,6-30m,162,3.382716049382716,2026-03-03 23:00:00+00:00
FF6-BqsVCjA,bluesguy-h,When Life Hurts - Soul Blues That Understands You..,595,0.1879046265592926,30-60m,172,3.4593023255813953,2026-02-21 19:00:00+00:00
FxIaHPu5fDY,gracegospelblues,Whatever Was Stolen 🙏🏾 Deep Gospel Blues Prayer | Emotional Testimony Song | Grace Gospel Blues,867,0.09957505455380729,1-3h,60,14.45,2026-06-13 08:00:07+00:00
Ji6q6d9IUmI,gracegospelblues,"Lord, Hear Our Praise 🙏🏾 Deep Gospel Blues Prayer | Emotional Testimony Song | Gospel Blues Haven",695,0.0798208338118755,1-3h,67,10.373134328358208,2026-06-06 08:00:19+00:00
9WoRmpUODyY,christiansoulblues,Gospel Blues for When You're Tired | Deep Praise Songs to Rest in God,548,0.17151799687010955,30-60m,61,8.98360655737705,2026-06-13 01:00:09+00:00
jButvXOFf-8,christiansoulblues,God Reminds Me That I Am Safe in His Hands - Christian Blues | Soulful Worship,591,0.18497652582159624,30-60m,73,8.095890410958905,2026-06-01 01:00:26+00:00
khl0o4GHTXo,christiansoulblues,I WILL TRUST AGAIN | Blues Gospel | Worship Song | Christian Music,534,0.1671361502347418,30-60m,100,5.34,2026-05-05 01:00:54+00:00
5a0kJgIaqQI,christiansoulblues,"If you need God, listen to this now and feel His presence | Christian Blues",577,0.18059467918622849,6-30m,103,5.601941747572815,2026-05-02 01:00:06+00:00
rx3XO6hOCLM,christiansoulblues,God Hears You At Night | Worship Song | Christian Music,500,0.1564945226917058,30-60m,106,4.716981132075472,2026-04-29 01:00:51+00:00
Alq0BPPOTf4,christiansoulblues,LISTEN WHEN YOU FEEL LOST AND ALONE | CHRISTIAN BLUES | SOULFUL WORSHIP,588,0.18403755868544602,30-60m,134,4.388059701492537,2026-04-01 01:00:12+00:00
67aXiyiDJ1o,christiansoulblues,The Lord Lit a Light For Me | Christian Blues | Soulful Worship,633,0.19812206572769953,6-30m,154,4.1103896103896105,2026-03-12 01:00:06+00:00
DZtU80jC-1k,christiansoulblues,Radiant Peace – Christian Gospel Blues & R\&B Worship 🎶 Soulful Prayer and Worship Music |,505,0.15805946791862285,6-30m,344,1.4680232558139534,2025-09-02 10:48:28+00:00
zRy_Onanr2U,saltandlight-k2z,"Soul Comforting ""BLUES"" Gospel Music: Modern Christian Praise and Worship Music PLAYLIST",621,0.14563789868667917,30-60m,70,8.871428571428572,2026-06-03 19:00:07+00:00
6eIMLL7uEGU,saltandlight-k2z,📖Jazz for Working & Study ☕  Smooth  Christian Jazz | Soulful Gospel Jazz,704,0.1651031894934334,Shorts,177,3.977401129943503,2026-02-17 01:12:17+00:00
HN3m9u9i7lU,saltandlight-k2z,Worthy Is The Lamb | Revelation 5:13 | Join The Heavenly Choir | A Global Worship Song for Sundays,833,0.1953564727954972,1-6m,206,4.043689320388349,2026-01-18 04:54:48+00:00
1MIsR0I2FZw,saltandlight-k2z,羔羊是配得的 |  启示录 5:13（和合本）| 灵魂福音音乐 |,656,0.15384615384615385,1-6m,216,3.037037037037037,2026-01-08 18:55:58+00:00
Rt9hOHdNDJ0,saltandlight-k2z,Digno es el Cordero |  Apocalipsis 5:13 | Una Canción de Adoración Global para el Domingo,654,0.15337711069418386,1-6m,217,3.013824884792627,2026-01-07 05:42:21+00:00
tEEBlxXwgvo,saltandlight-k2z,UNSTOPPABLE FAITH (Trap Gospel Banger! 🔥) New 2025 Hip Hop Music,731,0.17143527204502815,Shorts,410,1.7829268292682927,2025-06-28 09:37:02+00:00
VmRkgPm949A,oldiesgospelradio,Best Christian Gospel Songs 2026 - Nonstop Praise and Worship Playlist,1341,0.10971120019635114,1-3h,84,15.964285714285714,2026-05-20 15:26:26+00:00
g8okBP4ADCc,oldiesgospelradio,West Coast Soul Gospel Memories | Oldies Gospel Songs Mix,1716,0.14039106602307125,1-3h,89,19.280898876404493,2026-05-15 14:27:42+00:00
FHsloBPeZuQ,oldiesgospelradio,Golden Era Gospel Songs | Soul Gospel Oldies Playlist,2260,0.18489732471569992,1-3h,91,24.835164835164836,2026-05-13 14:09:46+00:00
ASTz8I-lFXc,oldiesgospelradio,"Lord, Sit With Me Tonight: Gospel for the Lonely Soul",1335,0.10922032234312362,1-3h,98,13.622448979591837,2026-05-06 15:15:03+00:00
2hC-L_sprzw,oldiesgospelradio,Morning Healing Gospel Music – Uplifting Christian Worship Songs to Start the Day with God,2420,0.19798740080176716,1-3h,137,17.664233576642335,2026-03-28 14:15:08+00:00
JOPkQLaEsXo,oldiesgospelradio,Southern Soul Blues Gospel Playlist | Oldies Gospel Hits You’ll Love,2334,0.190951484905506,1-3h,146,15.986301369863014,2026-03-19 14:48:32+00:00
iL-S64mdDt8,oldiesgospelradio,"Oldies Gospel Classics – Soulful 1960s Gospel Songs Filled with Faith, Power, and Deep Emotion",1994,0.16313507322261311,1-3h,153,13.032679738562091,2026-03-12 14:27:29+00:00
vFzoab7YG7I,oldiesgospelradio,"Oldies Gospel Classics – Soulful 60s Gospel Voices Filled with Faith, Emotion, and Timeless Spirit",2400,0.19635114129100875,1-3h,155,15.483870967741936,2026-03-10 11:19:39+00:00
S2_6-BWvFfA,oldiesgospelradio,Oldies Gospel Spirituals for Peace | Lay Down My Sword • Ain’t Gonna Study War No More,2038,0.1667348441462816,1-3h,156,13.064102564102564,2026-03-09 15:11:06+00:00
1O6qguUUnz8,oldiesgospelradio,Motown Gospel | Soul Gospel Oldies (1 Hour) | Classic Motown Vibes,2073,0.1695982982901088,1-3h,157,13.203821656050955,2026-03-08 18:28:02+00:00
Q8ZkcxmzTvo,oldiesgospelradio,Philly Soul Gospel | Vintage Soul Gospel Classics (1 Hour) | Praise & Joy,1652,0.13515503558864436,1-3h,158,10.455696202531646,2026-03-07 15:36:35+00:00
uJt0IePEcuI,oldiesgospelradio,Soul Gospel | Classic Gospel Oldies for Comfort & Healing,2108,0.17246175243393602,1-3h,159,13.257861635220126,2026-03-06 14:40:32+00:00
zHsM9G9xPUo,oldiesgospelradio,Oldies Gospel | Peaceful Gospel Oldies for Sleep & Prayer,2402,0.19651476724208458,1-3h,164,14.646341463414634,2026-03-01 10:56:01+00:00
iPyIcW_indo,oldiesgospelradio,Oldies Gospel Classics – Golden Era of Gospel Music,2250,0.1840791949603207,1-3h,172,13.081395348837209,2026-02-21 16:54:45+00:00
lTYf-GX0hJI,oldiesgospelradio,Sunday Oldies Gospel – Classic Worship for the Soul,2141,0.17516158062668738,1-3h,174,12.304597701149426,2026-02-19 14:59:15+00:00
DFcqRU0YJfI,oldiesgospelradio,Healing Gospel Music for Grieving Hearts | Christian Comfort in Loss,2356,0.19275137036734025,1-3h,176,13.386363636363637,2026-02-17 11:14:36+00:00
nGdH6INE5uU,deeperstillworship,CAST YOUR CARES #CastYourCares #PowerOfPrayer #Shorts #FreedomInChrist #AnxietyRelief #WorshipMusic,863,0.10091206735266604,1-6m,82,10.524390243902438,2026-05-22 21:00:22+00:00
fUhMNI5Fgg4,deeperstillworship,NEW MERCIES #NewMercies #MorningDevotion #ChristianShorts #FaithJourney #TrustGod #StartYourDayRight,633,0.0740177736202058,1-6m,86,7.3604651162790695,2026-05-18 21:00:29+00:00
HX3S9QvzMck,deeperstillworship,STRONG SHEPHERD #StrongShepherd #shorts #ChristianShorts #GodIsMyGuide #FaithOverFear #Psalm23,672,0.07857811038353602,1-6m,89,7.550561797752809,2026-05-15 21:00:28+00:00
E2MmjeZkFWQ,deeperstillworship,Strong Shepherd | 1 Hours of Peaceful Black Gospel Music to Find Your Safe Place,587,0.06863891487371375,1-3h,89,6.595505617977528,2026-05-15 17:00:30+00:00
q34xZ-lga-U,stillworshipmusic,Hallelujah Anyhow | Deep Gospel Blues Worship | Black Gospel R&B Music,1510,0.19600207684319834,6-30m,137,11.021897810218977,2026-03-28 13:00:00+00:00
YV0soXgSj2Y,stillworshipmusic,Soul Deep Gospel Blues | Still Worship for Every Season,1429,0.18548805815160954,30-60m,141,10.134751773049645,2026-03-24 14:01:00+00:00
aB39tYHA_M4,stillworshipmusic,Deep Gospel Blues – Find Comfort in Prayer | Relaxing Christian Worship & Spiritual Rest,1361,0.17666147455867082,6-30m,149,9.134228187919463,2026-03-16 20:00:00+00:00
KFQZcWDRmZk,stillworshipmusic,Deep Gospel Blues – Peace in His Presence | Christian Worship & Prayer,1242,0.16121495327102803,6-30m,153,8.117647058823529,2026-03-12 14:00:27+00:00
1EvNpDcrPcM,stillworshipmusic,"Shield on My Left, Mercy on My Right – Gospel Blues | Calming Christian Music",869,0.11279854620976117,6-30m,155,5.606451612903226,2026-03-10 14:00:03+00:00
hYFFOVjQONM,stillworshipmusic,Even Here – Gospel Blues Worship | Christian Testimony Music,1483,0.19249740394600207,1-6m,161,9.211180124223603,2026-03-04 15:01:21+00:00
NXj8CTSzqZk,stillworshipmusic,Praise Rises Naturally | Soulful Christian Blues Gospel | Worship Music for Every Season,1072,0.1391484942886812,1-6m,163,6.576687116564417,2026-03-02 15:00:44+00:00
hX2fWkC-GAo,stillworshipmusic,Let Me Testify | Christian Gospel Blues R&B Worship Songs,797,0.1034527518172378,1-6m,165,4.83030303030303,2026-02-28 15:01:13+00:00
DJxQb9Dcw1Q,stillworshipmusic,Hold On To Me – Christian Blues Gospel Worship | Praise and Worship Songs,1445,0.18756490134994808,1-3h,167,8.652694610778443,2026-02-26 15:00:30+00:00
6-hVaCk143w,stillworshipmusic,When Faith Feels Heavy: Gospel Blues for the Weary Soul,687,0.08917445482866043,6-30m,175,3.9257142857142857,2026-02-18 15:00:17+00:00
rw8QLUGqaas,stillworshipmusic,Steady Faith in a Rance Allen Style – Christian Blues Worship | Black Gospel Music,822,0.10669781931464174,6-30m,176,4.670454545454546,2026-02-17 15:01:33+00:00
82OPGMmpgBY,stillworshipmusic,Always On Time – Gospel Blues Music | Christian  Worship Songs,871,0.11305815160955347,6-30m,180,4.838888888888889,2026-02-13 15:00:11+00:00
Jfr1NXbC7bY,stillworshipmusic,Christian Blues Worship | Scripture-Rooted Praise & Prayer,558,0.07242990654205607,6-30m,181,3.0828729281767955,2026-02-12 15:15:03+00:00
0u-2n46zJ_0,stillworshipmusic,Christian Blues Worship Music | Pure Soulful Gospel Praise,828,0.10747663551401869,1-6m,183,4.524590163934426,2026-02-10 15:00:06+00:00
kU4_gh1OLzI,stillworshipmusic,"When the Storm Comes, There's a Door Already Open | Christian Blues Worship ",694,0.09008307372793355,30-60m,199,3.487437185929648,2026-01-25 18:00:49+00:00
UdM50fiz3q0,stillworshipmusic,You Never Let Me Go – Christian Blues Sermon & Soulful R&B Gospel Worship Song,952,0.12357217030114226,6-30m,200,4.76,2026-01-25 00:00:36+00:00
oBfjrpTl7mM,stillworshipmusic,"No Rush, No Fear – Christian Blues Sermon with R&B Gospel Praise & Worship",816,0.1059190031152648,6-30m,202,4.03960396039604,2026-01-23 00:01:02+00:00
fZNLxyp9v0Y,stillworshipmusic,I'm Covered When It Counts | Christian Blues Testimony Sermon & R&B Gospel Song,546,0.07087227414330217,6-30m,203,2.689655172413793,2026-01-22 00:01:00+00:00
PFndGZ54i18,stillworshipmusic,I Walk Easy Now | Soulful Christian Blues Praise & R&B Gospel Worship Song,733,0.0951453790238837,6-30m,204,3.593137254901961,2026-01-21 00:00:34+00:00
1XZiJxc1RVo,stillworshipmusic,Christian Blues Gospel R&B – Steady Protection | Praise & Worship · Black Gospel Music,1335,0.17328660436137072,6-30m,206,6.480582524271845,2026-01-18 18:00:02+00:00
QIrgS9AFIyc,stillworshipmusic,Soulful Gospel Blues Praise – Give Thanks to the Lord | Christian Worship Playlist,688,0.0893042575285566,6-30m,208,3.3076923076923075,2026-01-16 17:00:54+00:00
jGJjPA5AHpY,stillworshipmusic,Christian Blues Gospel R&B – Steady Strength | Praise & Worship Black Gospel Music,990,0.12850467289719625,6-30m,210,4.714285714285714,2026-01-14 15:01:33+00:00
GV2iUPk28YM,stillworshipmusic,Christian Blues – Steady Faith in a Rance Allen Style | Gospel Blues & Black Gospel Music Worship,596,0.07736240913811007,6-30m,212,2.811320754716981,2026-01-12 21:00:16+00:00
CQSENxc1nvQ,stillworshipmusic,Soul Blues – The Lord Remembers You | Christian Gospel Blues Worship Music,558,0.07242990654205607,30-60m,222,2.5135135135135136,2026-01-02 15:00:31+00:00
beJfOXpdeJU,stillworshipmusic,Blues Gospel Hymns – Slow Down and Breathe,529,0.0686656282450675,30-60m,226,2.34070796460177,2025-12-29 15:01:15+00:00
I2RDajR7UR4,stillworshipmusic,Wade in the Water | Gospel Blues Playlist | Timeless Christian Worship Music,820,0.10643821391484942,30-60m,228,3.5964912280701755,2025-12-27 15:00:38+00:00
rYqGxhZx8Uw,stillworshipmusic,Pause & Breathe | Soulful Gospel Blues for When Life Gets Heavy,519,0.06736760124610591,6-30m,232,2.2370689655172415,2025-12-23 15:30:39+00:00
bFaDln7KO8s,stillworshipmusic,Jesus on the Mainline | Classic Gospel Blues & Modern Worship Blend,607,0.07879023883696781,1-3h,233,2.6051502145922747,2025-12-22 15:30:34+00:00
63Je-MYNTLI,stillworshipmusic,Morning Worship Blues | Soulful Gospel Playlist for Peace & Devotion,1404,0.1822429906542056,1-3h,235,5.974468085106383,2025-12-20 15:30:04+00:00
9VB4o4mYQ1Y,stillworshipmusic,Deep Gospel Blues & R&B Praise | Find Healing in Worship,896,0.11630321910695743,1-3h,237,3.780590717299578,2025-12-18 15:30:07+00:00
zlsj3rLmmuI,stillworshipmusic,Spirit-Filled Gospel Blues & R&B | Soulful Christian Praise & Worship Vol. 2,950,0.12331256490134995,1-3h,238,3.991596638655462,2025-12-17 15:01:57+00:00
sMKwYO8lS3g,stillworshipmusic,Feeling Overlooked? He Sees You | Gospel Worship Music,500,0.06490134994807892,6-30m,239,2.092050209205021,2025-12-16 15:01:43+00:00
TKN0UkdUvr4,stillworshipmusic,When Gospel Meets Blues… Something Powerful Happens,515,0.06684839044652129,30-60m,242,2.128099173553719,2025-12-13 15:30:13+00:00
vhZ0LQwvdRg,stillworshipmusic,THIS ALBUM TOOK ME BACK HOME AGAIN 🎶 Christian Blues Gospel R&B,547,0.07100207684319834,6-30m,245,2.23265306122449,2025-12-10 15:30:46+00:00
Ym7wnKR1BWg,stillworshipmusic,THIS ALBUM BROUGHT ME PEACE | Christian Blues Gospel R&B,658,0.08541017653167186,30-60m,246,2.6747967479674797,2025-12-09 19:00:38+00:00
ZfyqWHDRHhc,stillworshipmusic,"LORD, HELP ME FIND PEACE IN WHAT I’M FACING | Soulful Gospel Blues",728,0.09449636552440291,30-60m,248,2.935483870967742,2025-12-08 00:00:41+00:00
Pis5lnVLoUY,stillworshipmusic,I FELT THE HOLY SPIRIT MOVE WHEN I HEARD THIS ANOINTED SONG | Powerful Gospel Worship,541,0.0702232606438214,1-6m,248,2.181451612903226,2025-12-07 13:00:47+00:00
YMEn5xI5Xxc,stillworshipmusic,"LORD, I’M TRYING TO FIND MY PEACE AGAIN | Gospel Blues",686,0.08904465212876428,6-30m,253,2.7114624505928853,2025-12-03 00:30:27+00:00
JtKEjZwDWPk,stillworshipmusic,Christian Blues Worship | Strength in the Quiet Moments,625,0.08112668743509865,30-60m,254,2.4606299212598426,2025-12-01 14:00:35+00:00
Pr-wnPYJz3E,stillworshipmusic,Black Gospel Soul | Music to Heal Your Heavy Heart,1190,0.15446521287642784,30-60m,256,4.6484375,2025-11-29 14:00:53+00:00
Dfen8SPY0V0,stillworshipmusic,When Your Heart is Too Heavy to Carry | Gospel Blues Healing,594,0.07710280373831775,6-30m,259,2.2934362934362933,2025-11-26 14:00:19+00:00
tX0C8jvNEP4,stillworshipmusic,Find Peace in God's Open Arms Through This Gospel,549,0.07126168224299065,6-30m,260,2.1115384615384616,2025-11-25 14:01:39+00:00
kf6pyDPU2Ss,stillworshipmusic,Healing Gospel Blues | Soulful Worship Music for Spiritual Peace,960,0.12461059190031153,6-30m,261,3.67816091954023,2025-11-24 14:01:24+00:00
jFqWrBJp0c8,stillworshipmusic,Live Again in His Peace 🔴 Soulful Gospel Blues Worship LIVE,770,0.09994807892004154,3h+,262,2.9389312977099236,2025-11-24 02:25:30+00:00
UvUulWUbJt4,stillworshipmusic,When You Need To Breathe Again #SoulfulWorship #ChristianMusic #GospelBlues,1223,0.15874870197300103,1-6m,264,4.632575757575758,2025-11-21 17:00:53+00:00
-H5r_Y3IAuo,stillworshipmusic,When God Never Leaves You in the Darkness #GospelBlues #Worship #Faith,1519,0.19717030114226375,1-6m,268,5.667910447761194,2025-11-17 19:00:00+00:00
RtA0fLXqMPY,stillworshipmusic,Gospel Blues Worship | Let The Spirit Lead,1446,0.18769470404984423,1-6m,269,5.37546468401487,2025-11-16 17:30:07+00:00
dmxODLPae0E,stillworshipmusic,Find Peace in This Moment | Still Worship #peacefulmusic #gospelblues #prayer,1525,0.1979491173416407,1-6m,269,5.669144981412639,2025-11-16 11:30:40+00:00
gvdxYDjuifA,stillworshipmusic,Restore My Soul | Gentle Gospel Blues Worship for Healing,1025,0.13304776739356178,3h+,273,3.7545787545787546,2025-11-12 03:25:11+00:00
_yHtTiTDDWU,stillworshipmusic,Soulful Christian Music & Gospel Blues LIVE,1208,0.15680166147455868,3h+,275,4.392727272727273,2025-11-10 03:29:36+00:00
krm5rG007zM,stillworshipmusic,Uplifting Gospel Blues Prayer Time | Connect With God Deeply,1371,0.1779595015576324,3h+,276,4.967391304347826,2025-11-09 14:01:11+00:00
VLQ38EGL7DA,stillworshipmusic,Struggling to Find Peace? Try This Gospel Blues Worship,1021,0.13252855659397716,30-60m,285,3.5824561403508772,2025-10-31 13:01:09+00:00
e4vqEhGHWa8,stillworshipmusic,Soulful Blues Worship: The Music That Brings You Closer to God,1293,0.1678348909657321,6-30m,288,4.489583333333333,2025-10-28 13:30:46+00:00
tNKiT6ils0o,stillworshipmusic,Soulful Blues & R&B Worship: A Musical Journey,1418,0.18406022845275183,6-30m,290,4.889655172413793,2025-10-26 20:00:48+00:00
7Kn36PxYofM,stillworshipmusic,Christian Blues & Praise Music | Let This Soulful Worship Transform You,1223,0.15874870197300103,6-30m,332,3.683734939759036,2025-09-14 13:00:16+00:00
vfYMe4pAuAw,holygrooveofficial,When God Felt Silent — A Soul’s Blues Prayer,1161,0.19917653113741637,30-60m,222,5.22972972972973,2026-01-02 14:01:41+00:00
7m6fF6aWg4I,holygrooveofficial,Mary’s Cry at the Foot of the Cross — Blues Version,921,0.15800308800823468,30-60m,226,4.075221238938053,2025-12-29 16:58:13+00:00
x9G4o0al_Pw,holygrooveofficial,Praise the Lord 🎶 Acoustic Gospel Blues,1147,0.19677474695488076,6-30m,425,2.6988235294117646,2025-06-13 11:01:45+00:00
TJoyMt1Byu4,rivers-and-revival,Freedom Behind Bars | A Worship Anthem From Prison Cells (Acoustic Blues),1749,0.11324786324786325,1-6m,190,9.205263157894738,2026-02-03 16:32:37+00:00
OlsW8PCSdXE,rivers-and-revival,Proverbs in blues worship is INSANE! #bluesworship #worshipmusic #jesus,2714,0.17573167573167572,Shorts,277,9.797833935018051,2025-11-08 22:53:34+00:00
8oB4i-nPKbY,rivers-and-revival,Have you heard the Psalms in blues? #psalmsinblues #bluesworship #gospelblues,1841,0.11920486920486921,Shorts,285,6.459649122807018,2025-10-31 13:19:29+00:00
enjFs6MuG2g,rivers-and-revival,Psalm 86 sung in blues 😭😍 #bluesworship #worshipmusic,1045,0.06766381766381767,Shorts,286,3.6538461538461537,2025-10-30 21:04:32+00:00
ySPkhQvIK1w,rivers-and-revival,Follow for more psalms in blues! #bluesworship #psalmsinblues,3052,0.19761719761719762,Shorts,286,10.671328671328672,2025-10-30 16:30:24+00:00
Aqj04-kSxGU,rivers-and-revival,Psalm 8 in blues…WOW. #bluesworship #gospelblues #gospelmusic #psalmsinblues,2551,0.1651774151774152,Shorts,288,8.85763888888889,2025-10-29 00:04:30+00:00
EhAEJC4WRvo,rivers-and-revival,The Psalms hit so deep in blues… #bluesworship #psalmsinblues #gospelmusic #psalms,2501,0.16193991193991195,Shorts,288,8.684027777777779,2025-10-28 19:34:30+00:00
jyanZAsRwK4,christianblueshaven-oasis,God of the Impossible🙏🏾 Deep Gospel Blues Prayer | Emotional Testimony Song | Christian Blues Haven,1344,0.1623972933784437,3h+,64,21.0,2026-06-09 09:10:05+00:00
Omks3ZqNbc8,christianblueshaven-oasis,God I Tried But I Fell Again🙏🏾 Deep Gospel Blues Prayer | Emotional | Christian Blues Haven,801,0.09678588690188497,1-3h,74,10.824324324324325,2026-05-30 09:00:49+00:00
Zuc-XhuN7BU,christianblueshaven-oasis,Let It Break🙏🏾God Broke What Was Killing You | Deep Gospel Blues Prayer | Emotional Testimony Song,1292,0.15611406476558723,3h+,76,17.0,2026-05-28 09:10:18+00:00
D0Z1HUKpZYo,christianblueshaven-oasis,"LORD, I'm Tired But I Trust You🙏🏾 Deep Gospel Blues Prayer | Emotional | Christian Blues Haven",1364,0.16481391976800386,1-3h,78,17.487179487179485,2026-05-26 09:13:57+00:00
gU1NAV4WcA4,christianblueshaven-oasis,God Didn’t Let Me Break 🙏🏾 Deep Gospel Blues Prayer|Emotional Testimony Song | Christian Blues Haven,1214,0.14668922184630256,1-3h,82,14.804878048780488,2026-05-22 08:29:20+00:00
_NxaouoDKMg,gospelbluesescape,I Trust You Lord 🙏 2 Hours of Soulful Gospel R&B Worship for Faith in the Storm,1369,0.1226482709191901,1-3h,60,22.816666666666666,2026-06-13 10:00:20+00:00
6hVM9cXVvQc,gospelbluesescape,Jesus I Need You In This Midnight Hour 🙏🏾 Deep Gospel Blues Prayer | Black Gospel Music,660,0.059129188317505826,1-3h,62,10.64516129032258,2026-06-11 10:00:05+00:00
P19Fqf66A_s,gospelbluesescape,"Lord, Don't Let Me Fall 🙏🏾 Deep Gospel Blues for Prayer & Healing",906,0.08116824941766708,1-3h,64,14.15625,2026-06-09 10:25:54+00:00
vf_yUnBvwhg,gospelbluesescape,He Healed What Nobody Saw | Gospel Blues | When You’re Hurting in Silence,1060,0.0949650600250851,1-3h,65,16.307692307692307,2026-06-08 10:00:22+00:00
ekPAgGwXIhc,gospelbluesescape,I See Jesus 🙏🔥 | Powerful Gospel Blues Testimony | Baqi and The Blues,818,0.07328435764199964,1-3h,66,12.393939393939394,2026-06-07 10:00:08+00:00
5t1VwzlO26I,gospelbluesescape,"God, I’m Tired of Fighting | Gospel Blues | Prayer for Strength & Peace",721,0.06459415875291166,1-3h,67,10.761194029850746,2026-06-06 10:00:37+00:00
x8ijz7R3Fno,gospelbluesescape,I Still Believe 🙏🏾 Powerful Gospel Blues Testimony Playlist | Emotional Church Blues,923,0.0826912739652392,1-3h,79,11.683544303797468,2026-05-25 10:00:07+00:00
3R50XNRkS60,gospelbluesescape,Heroes of Faith: When God Transforms Pain into Glory | GOSPEL BLUES ESCAPE | GOSPEL BLUES,1021,0.09147106253359613,1-3h,81,12.604938271604938,2026-05-23 10:00:16+00:00
1-5Kk6ckBfg,gospelbluesescape,I Will Not Give Up 🙏🏾 Powerful Gospel Blues | Emotional Testimony Song | Healing Blues Room,1560,0.1397598996595592,1-3h,91,17.142857142857142,2026-05-13 10:00:50+00:00
Dg5GQppPDu8,gospelbluesescape,✨ Gospel Blues – My Christ | Deep Christian Blues Worship at the Cross,1388,0.12435047482530012,1-3h,150,9.253333333333334,2026-03-15 10:02:06+00:00
MyDgfIb_Gyw,gospelbluesescape,✨ Gospel Blues – Hope & Healing | Soulful Christian Blues Worship Music,1533,0.13734097831929762,1-3h,155,9.890322580645162,2026-03-10 10:01:05+00:00
7xR5F8AvG_4,faithbluesrevival,Thank God I’m Free | Powerful Gospel Blues Testimony Song | Emotional Church Worship 2026,777,0.1621960129422816,1-3h,60,12.95,2026-06-13 17:00:23+00:00
XjbJQKUBrYI,faithbluesrevival,Broken but Still Believing 🙏 Emotional Gospel Blues Testimony Song✝️❤️,872,0.182026928295585,1-3h,62,14.064516129032258,2026-06-11 17:00:13+00:00
XMn2wjji8qQ,faithbluesrevival,Jesus Made a Way 🙏 Powerful Gospel Blues Worship | Soulful Faith Music,608,0.12691785826114185,1-3h,63,9.65079365079365,2026-06-10 17:00:29+00:00
4JZ5Dxema4E,faithbluesrevival,I Still Believe 🙏 Powerful Gospel Blues Testimony Song | Emotional Church Worship 2026,654,0.13652019622168876,1-3h,72,9.083333333333334,2026-06-01 17:00:16+00:00
6dkN5g7Etcs,faithbluesrevival,I Still Believe Testimony 🙏 Soulful Gospel Blues Church Worship 2026,874,0.1824444212503914,1-3h,84,10.404761904761905,2026-05-20 17:00:09+00:00
gyM1hg6ul1k,bluescristianosprofundos,Alabanzas Cristianas 2025: Lo Mejor de la Adoración para Elevar Tu Fe | Música Cristiana🎶,613,0.19723294723294724,6-30m,526,1.1653992395437263,2025-03-04 03:36:59+00:00
dH7rI87YwYc,heavenlyatmosphere.c,NO LONGER A SLAVE TO FEAR  🙏🏾 Deep Gospel Blues Prayer | Emotional Testimony Song | Christian Blues,617,0.09967689822294022,1-3h,65,9.492307692307692,2026-06-08 16:00:28+00:00
FlDwVWFD3NE,heavenlyatmosphere.c,I NEED MORE OF YOU LORD  🙏🏾 Deep Gospel Blues Prayer | Emotional Testimony Song | Christian Blues,1163,0.18788368336025849,1-3h,66,17.62121212121212,2026-06-07 16:00:31+00:00
5o7DZcd5pEw,heavenlyatmosphere.c,THE SACRIFICE OF JESUS 🙏🏾 Deep Gospel Blues Prayer | Emotional Testimony Song | Christian Blues,1116,0.1802907915993538,1-3h,70,15.942857142857143,2026-06-03 16:00:00+00:00
34iTQjf_pU0,thebrokenhallelujah,Oh How I Love Jesus ❤️🙏 | Powerful Gospel Blues Worship Song | The Broken Hallelujah,903,0.16463081130355514,6-30m,62,14.564516129032258,2026-06-11 15:23:44+00:00
0Lmd7Ric34g,thebrokenhallelujah,THE STORM IS PASSING OVER 🌤️ | Powerful Gospel Blues Song of Hope | The Broken Hallelujah,1037,0.18906107566089334,6-30m,64,16.203125,2026-06-09 18:25:21+00:00
cBLSZMiael0,thebrokenhallelujah,MY SOUL HAS BEEN ANCHORED ⚓ | Emotional Gospel Blues Testimony | The Broken Hallelujah,909,0.1657247037374658,6-30m,68,13.367647058823529,2026-06-05 13:51:09+00:00
ixiVUzWmeqg,thebrokenhallelujah,THE EASTERN GATE 🕊️ | Powerful Gospel Blues Heaven Song | THE BROKEN HALLELUJAH,546,0.09954421148587056,6-30m,69,7.913043478260869,2026-06-04 15:25:57+00:00
e1hkAjVhJOY,thebrokenhallelujah,KEEP THE FAITH 🙏🏾 | Powerful Gospel Blues Testimony Song | The Broken Hallelujah,878,0.1600729261622607,6-30m,73,12.027397260273972,2026-05-31 11:50:28+00:00
YaJuhQLENjI,thebrokenhallelujah,I NEED THE PRAYERS 🙏🏾 | Powerful Gospel Blues Testimony Song | Lee Williams,881,0.16061987237921604,6-30m,74,11.905405405405405,2026-05-30 18:14:12+00:00
NIUs1KRH1ag,thebrokenhallelujah,JESUS IS A ROCK 🙏🏾 | Deep Emotional Gospel Blues | Lee Williams Style | THE BROKEN HALLELUJAH,799,0.14567000911577027,6-30m,78,10.243589743589743,2026-05-26 17:56:57+00:00
Y_ZSi28bV6s,thebrokenhallelujah,JESUS IS MINE 🙏🏾 | Deep Emotional Gospel Blues Song | Lee Williams Inspired | The Broken Hallelujah,668,0.12178669097538743,6-30m,80,8.35,2026-05-24 21:07:28+00:00
kdNbZ57ig1k,thebrokenhallelujah,I’ve Got A Testimony 🙏 | Powerful Gospel Blues Worship Song | THE BROKEN HALLELUJAH,844,0.15387420237010027,6-30m,84,10.047619047619047,2026-05-20 19:05:06+00:00
Y3WYvvEcRAA,thebrokenhallelujah,I Need Thee Every Hour 🙏 Powerful Gospel Blues Worship Song  The Broken Hallelujah,662,0.12069279854147676,6-30m,86,7.6976744186046515,2026-05-18 17:25:30+00:00
s7mTpBUzjTI,thebrokenhallelujah,"Morning Dove  | Powerful Gospel Blues Song About Heaven, Peace & Holding On | The Broken Hallelujah",766,0.1396536007292616,6-30m,87,8.804597701149426,2026-05-17 20:05:54+00:00
F_4JbAZM06U,thebrokenhallelujah,This Little Light Of Mine ✨ Powerful Gospel Blues Worship Song  The Broken Hallelujah,604,0.11011850501367365,6-30m,88,6.863636363636363,2026-05-16 20:32:36+00:00
g5g3ML9KpiA,thebrokenhallelujah,Keep Me Near The Cross Lord 😭🎸 | Soul-Stirring Gospel Blues Testimony,663,0.12087511394712853,6-30m,89,7.449438202247191,2026-05-15 18:30:13+00:00
dMfon08rOis,thebrokenhallelujah,Jesus Take the Wheel 🙏🏾😢 | I Was Losing Control… So I Let Go (Broken Hallelujah Gospel Blues),736,0.1341841385597083,1-6m,100,7.36,2026-05-04 14:15:00+00:00
XwqxjdrXTEA,revivalworshiproommusic,🕊️ Listen Before You Sleep — God Is Fighting Your Battles Tonight,809,0.1823304034257381,1-3h,71,11.394366197183098,2026-06-02 16:00:27+00:00
2GoXN9tMwEQ,revivalworshiproommusic,Soulful Gospel Blues R&B Worship Music | New Year Christian Praise & Worship Psalms 2026,831,0.18728870858688304,1-3h,226,3.6769911504424777,2025-12-29 16:00:09+00:00
QjvAd7-uBBU,revivalworshiproommusic,Jesus Holy Forever Powerful Christian Praise & Worship Playlist | Gospel Songs of God’s Goodness,674,0.1519044399368943,30-60m,282,2.3900709219858154,2025-11-03 16:00:46+00:00
deGxV6MlfzM,revivalworshiproommusic,Chasing God’s Heart | Uplifting Christian Praise & Worship Playlist,546,0.12305611899932387,30-60m,304,1.7960526315789473,2025-10-12 04:00:51+00:00
9QkOP9PbwOw,revivalworshiproommusic,You’re Always By My Side | Soulful Country Gospel Short #Shorts #christianmusic #music #gospelsong,742,0.1672301104349786,1-6m,394,1.883248730964467,2025-07-14 21:02:30+00:00
cZR_DtTKjP0,revivalworshiproommusic,"I Surrender To You, Lord | Soulful Gospel#shorts  #christianmusic #christianrnb #gospelsong",780,0.1757944557133198,1-6m,394,1.9796954314720812,2025-07-14 20:28:25+00:00
QeDjEj5tKJ8,revivalworshiproommusic,Here I AM Lord #christianmusic #music #gospelsong #bluesgospel #christianrnb,589,0.13274735181428893,1-6m,394,1.4949238578680204,2025-07-14 17:24:49+00:00
AfHuQpe2l8A,revivalworshiproommusic,Soaking Praise & Worship Christian Live Band Contemporary Gospel Music Playlist,792,0.17849898580121704,1-3h,400,1.98,2025-07-08 09:48:05+00:00
27dnaXskeik,revivalworshiproommusic,Live Band Contemporary Gospel Worship Music Playlist | Holy Spirit,812,0.1830065359477124,1-3h,406,2.0,2025-07-02 10:44:05+00:00
ARCqBFg7d_k,revivalworshiproommusic,"Lord Jesus, You Are The Way 🙏 | Soulful Gospel Worship for Bible Study & Meditation",611,0.13770565697543385,6-30m,409,1.4938875305623471,2025-06-29 18:41:48+00:00
2x6ChzHZBa8,revivalworshiproommusic,Whisper of Grace Part 1&2🤍 | Gentle Soaking Worship Music | Revival Worship Room Music,517,0.11652017128690556,1-6m,411,1.2579075425790753,2025-06-27 13:25:33+00:00
